7203,トヨタ自動車
6758,ソニーグループ
6861,キーエンス
9432,日本電信電話
8306,三菱ＵＦＪフィナンシャル・グループ
4568,第一三共
4502,武田薬品工業
8316,三井住友フィナンシャルグループ
6501,日立製作所
7974,任天堂
9433,ＫＤＤＩ
8058,三菱商事
8035,東京エレクトロン
4063,信越化学工業
8031,三井物産
7741,ＨＯＹＡ
6367,ダイキン工業
8001,伊藤忠商事
7267,本田技研工業
6098,リクルートホールディングス
8411,みずほフィナンシャルグループ
8766,東京海上ホールディングス
4661,オリエンタルランド
9984,ソフトバンクグループ
9434,ソフトバンク
6981,村田製作所
6954,ファナック
3382,セブン＆アイ・ホールディングス
6273,ＳＭＣ
4503,アステラス製薬
2914,日本たばこ産業
6702,富士通
7751,キヤノン
6503,三菱電機
5108,ブリヂストン
6902,デンソー
6594,ニデック
8053,住友商事
8002,丸紅
6301,小松製作所
9983,ファーストリテイリング
6752,パナソニック　ホールディングス
6178,日本郵政
8591,オリックス
7733,オリンパス
4911,資生堂
4901,富士フイルムホールディングス
4452,花王
5401,日本製鉄
9020,東日本旅客鉄道
9022,東海旅客鉄道
4543,テルモ
8750,第一生命ホールディングス
2502,アサヒグループホールディングス
6723,ルネサスエレクトロニクス
2802,味の素
8801,三井不動産
8113,ユニ・チャーム
6971,京セラ
4519,中外製薬
6326,クボタ
4578,大塚ホールディングス
8802,三菱地所
8267,イオン
2503,キリンホールディングス
4523,エーザイ
8630,ＳＯＭＰＯホールディングス
1925,大和ハウス工業
9735,セコム
7011,三菱重工業
8725,ＭＳ＆ＡＤインシュアランスグループホール
8604,野村ホールディングス
8309,三井住友トラスト・ホールディングス
7269,スズキ
7309,シマノ
1928,積水ハウス
9101,日本郵船
6502,東芝
6920,レーザーテック
7832,バンダイナムコホールディングス
8308,りそなホールディングス
6857,アドバンテスト
5020,ＥＮＥＯＳホールディングス
9202,ＡＮＡホールディングス
3659,ネクソン
4507,塩野義製薬
1605,ＩＮＰＥＸ
9021,西日本旅客鉄道
6869,シスメックス
6146,ディスコ
6701,日本電気
9843,ニトリホールディングス
6762,ＴＤＫ
6645,オムロン
2267,ヤクルト本社
4684,オービック
7201,日産自動車
7270,ＳＵＢＡＲＵ
4307,野村総合研究所
2413,エムスリー
6506,安川電機
6988,日東電工
9201,日本航空
5802,住友電気工業
8697,日本取引所グループ
5713,住友金属鉱山
3407,旭化成
9104,商船三井
9531,東京瓦斯
9613,エヌ・ティ・ティ・データ
6965,浜松ホトニクス
6201,豊田自動織機
9503,関西電力
9042,阪急阪神ホールディングス
8830,住友不動産
9502,中部電力
7272,ヤマハ発動機
9962,ミスミグループ本社
4612,日本ペイントホールディングス
7532,パン・パシフィック・インターナショナルホ
9005,東急
4188,三菱ケミカルグループ
4528,小野薬品工業
4689,Ｚホールディングス
2801,キッコーマン
8015,豊田通商
5201,ＡＧＣ
3402,東レ
7701,島津製作所
9697,カプコン
4324,電通グループ
6586,マキタ
6963,ローム
3088,マツキヨココカラ＆カンパニー
1878,大東建託
7202,いすゞ自動車
9041,近鉄グループホールディングス
9532,大阪瓦斯
2897,日清食品ホールディングス
8601,大和証券グループ本社
5411,ＪＦＥホールディングス
6479,ミネベアミツミ
9501,東京電力ホールディングス
8795,Ｔ＆Ｄホールディングス
7912,大日本印刷
1801,大成建設
3626,ＴＩＳ
7261,マツダ
2269,明治ホールディングス
1802,大林組
4204,積水化学工業
1812,鹿島建設
6383,ダイフク
4704,トレンドマイクロ
6532,ベイカレント・コンサルティング
9001,東武鉄道
8473,ＳＢＩホールディングス
7911,凸版印刷
9143,ＳＧホールディングス
3436,ＳＵＭＣＯ
4151,協和キリン
2587,サントリー食品インターナショナル
7936,アシックス
4005,住友化学
9602,東宝
9684,スクウェア・エニックス・ホールディングス
7951,ヤマハ
6504,富士電機
4922,コーセー
4755,楽天グループ
5019,出光興産
2181,パーソルホールディングス
5938,ＬＩＸＩＬ
2768,双日
6370,栗田工業
7276,小糸製作所
3038,神戸物産
6465,ホシザキ
9009,京成電鉄
4062,イビデン
5332,ＴＯＴＯ
3064,ＭｏｎｏｔａＲＯ
7259,アイシン
6806,ヒロセ電機
2875,東洋水産
7182,ゆうちょ銀行
9064,ヤマトホールディングス
9147,ＮＩＰＰＯＮ　ＥＸＰＲＥＳＳホールディン
4185,ＪＳＲ
9007,小田急電鉄
9766,コナミグループ
6448,ブラザー工業
4021,日産化学
4183,三井化学
7752,リコー
4768,大塚商会
7186,コンコルディア・フィナンシャルグループ
4527,ロート製薬
7747,朝日インテック
8593,三菱ＨＣキャピタル
6724,セイコーエプソン
4751,サイバーエージェント
3003,ヒューリック
9008,京王電鉄
3099,三越伊勢丹ホールディングス
6845,アズビル
3197,すかいらーくホールディングス
7181,かんぽ生命保険
7550,ゼンショーホールディングス
4967,小林製薬
1803,清水建設
6361,荏原製作所
6841,横河電機
8331,千葉銀行
4042,東ソー
9107,川崎汽船
9048,名古屋鉄道
4732,ユー・エス・エス
4091,日本酸素ホールディングス
9706,日本空港ビルデング
5831,しずおかフィナンシャルグループ
6028,テクノプロ・ホールディングス
3861,王子ホールディングス
7012,川崎重工業
1911,住友林業
8111,ゴールドウイン
9435,光通信
9142,九州旅客鉄道
6923,スタンレー電気
7013,ＩＨＩ
5334,日本特殊陶業
3769,ＧＭＯペイメントゲートウェイ
7459,メディパルホールディングス
2433,博報堂ＤＹホールディングス
5406,神戸製鋼所
2784,アルフレッサ　ホールディングス
4536,参天製薬
3291,飯田グループホールディングス
3231,野村不動産ホールディングス
8369,京都銀行
4004,レゾナック・ホールディングス
6268,ナブテスコ
6460,セガサミーホールディングス
9831,ヤマダホールディングス
9045,京阪ホールディングス
6113,アマダ
3289,東急不動産ホールディングス
7731,ニコン
3405,クラレ
6976,太陽誘電
7211,三菱自動車工業
8354,ふくおかフィナンシャルグループ
3092,ＺＯＺＯ
5333,日本碍子
3391,ツルハホールディングス
6302,住友重機械工業
3288,オープンハウスグループ
4403,日油
4739,伊藤忠テクノソリューションズ
8136,サンリオ
7735,ＳＣＲＥＥＮホールディングス
3086,Ｊ．フロント　リテイリング
4716,日本オラクル
3563,ＦＯＯＤ　＆　ＬＩＦＥ　ＣＯＭＰＡＮＩＥ
5947,リンナイ
9024,西武ホールディングス
9508,九州電力
2127,日本Ｍ＆Ａセンターホールディングス
4912,ライオン
6481,ＴＨＫ
4613,関西ペイント
6849,日本光電工業
5021,コスモエネルギーホールディングス
9506,東北電力
7167,めぶきフィナンシャルグループ
8252,丸井グループ
1808,長谷工コーポレーション
5101,横浜ゴム
9719,ＳＣＳＫ
3697,ＳＨＩＦＴ
6856,堀場製作所
7453,良品計画
1963,日揮ホールディングス
9513,電源開発
2651,ローソン
4088,エア・ウォーター
8804,東京建物
4666,パーク２４
8233,高島屋
4202,ダイセル
3635,コーエーテクモホールディングス
3774,インターネットイニシアティブ
3141,ウエルシアホールディングス
6526,ソシオネクスト
8227,しまむら
5233,太平洋セメント
8088,岩谷産業
9468,ＫＡＤＯＫＡＷＡ
2282,日本ハム
5711,三菱マテリアル
6005,三浦工業
2811,カゴメ
9044,南海電気鉄道
8304,あおぞら銀行
9989,サンドラッグ
2002,日清製粉グループ本社
9006,京浜急行電鉄
4182,三菱瓦斯化学
4516,日本新薬
3401,帝人
2331,綜合警備保障
9364,上組
6471,日本精工
6967,新光電気工業
5929,三和ホールディングス
7988,ニフコ
2371,カカクコム
2593,伊藤園
3349,コスモス薬品
4385,メルカリ
3994,マネーフォワード
7956,ピジョン
6305,日立建機
6141,ＤＭＧ森精機
2229,カルビー
5901,東洋製罐グループホールディングス
4581,大正製薬ホールディングス
6728,アルバック
7164,全国保証
6406,フジテック
1944,きんでん
4902,コニカミノルタ
2871,ニチレイ
2175,エス・エム・エス
4186,東京応化工業
1721,コムシスホールディングス
2501,サッポロホールディングス
7649,スギホールディングス
4676,フジ・メディア・ホールディングス
8359,八十二銀行
5110,住友ゴム工業
9065,山九
2809,キユーピー
8056,ＢＩＰＲＯＧＹ
8876,リログループ
2212,山崎製パン
9987,スズケン
7518,ネットワンシステムズ
2670,エービーシー・マート
6417,ＳＡＮＫＹＯ
6753,シャープ
8253,クレディセゾン
9504,中国電力
1951,エクシオグループ
2579,コカ・コーラ　ボトラーズジャパンホールデ
6770,アルプスアルパイン
4208,ＵＢＥ
1414,ショーボンドホールディングス
3107,ダイワボウホールディングス
5076,インフロニア・ホールディングス
7729,東京精密
8174,日本瓦斯
9404,日本テレビホールディングス
5214,日本電気硝子
9401,ＴＢＳホールディングス
2222,寿スピリッツ
9861,吉野家ホールディングス
8012,長瀬産業
5301,東海カーボン
4921,ファンケル
5714,ＤＯＷＡホールディングス
5803,フジクラ
4733,オービックビジネスコンサルタント
7616,コロワイド
7732,トプコン
9449,ＧＭＯインターネットグループ
6473,ジェイテクト
9533,東邦瓦斯
6755,富士通ゼネラル
6134,ＦＵＪＩ
7458,第一興商
4061,デンカ
7780,メニコン
6951,日本電子
2206,江崎グリコ
8410,セブン銀行
4631,ＤＩＣ
3923,ラクス
4927,ポーラ・オルビスホールディングス
5706,三井金属鉱業
9616,共立メンテナンス
5463,丸一鋼管
6952,カシオ計算機
6592,マブチモーター
1860,戸田建設
6707,サンケン電気
4272,日本化薬
9076,セイノーホールディングス
8905,イオンモール
7984,コクヨ
3132,マクニカホールディングス
5830,いよぎんホールディングス
5105,ＴＯＹＯ　ＴＩＲＥ
4565,そーせいグループ
3050,ＤＣＭホールディングス
9744,メイテック
9749,富士ソフト
6136,オーエスジー
1893,五洋建設
2264,森永乳業
5991,日本発條
3360,シップヘルスケアホールディングス
4681,リゾートトラスト
5444,大和工業
8418,山口フィナンシャルグループ
6412,平和
8282,ケーズホールディングス
2810,ハウス食品グループ本社
3116,トヨタ紡織
4887,サワイグループホールディングス
8424,芙蓉総合リース
9759,ＮＳＤ
4587,ペプチドリーム
2412,ベネフィット・ワン
8334,群馬銀行
6754,アンリツ
4540,ツムラ
8283,ＰＡＬＴＡＣ
7476,アズワン
7337,ひろぎんホールディングス
1959,九電工
3105,日清紡ホールディングス
6925,ウシオ電機
8439,東京センチュリー
9003,相鉄ホールディングス
8279,ヤオコー
8086,ニプロ
4819,デジタルガレージ
5801,古河電気工業
4919,ミルボン
7180,九州フィナンシャルグループ
2427,アウトソーシング
6966,三井ハイテック
9072,ニッコンホールディングス
4205,日本ゼオン
4530,久光製薬
7313,テイ・エス　テック
5857,アサヒホールディングス
1332,ニッスイ
8060,キヤノンマーケティングジャパン
9934,因幡電機産業
4114,日本触媒
4544,Ｈ．Ｕ．グループホールディングス
8242,エイチ・ツー・オー　リテイリング
4118,カネカ
7762,シチズン時計
9627,アインホールディングス
9793,ダイセキ
3941,レンゴー
4483,ＪＭＤＣ
4401,ＡＤＥＫＡ
8078,阪和興業
6436,アマノ
6674,ジーエス・ユアサ　コーポレーション
3387,クリエイト・レストランツ・ホールディング
2432,ディー・エヌ・エー
1417,ミライト・ワン
4206,アイカ工業
4203,住友ベークライト
3765,ガンホー・オンライン・エンターテイメント
4665,ダスキン
3397,トリドールホールディングス
5832,ちゅうぎんフィナンシャルグループ
9783,ベネッセホールディングス
4980,デクセリアルズ
8114,デサント
6544,ジャパンエレベーターサービスホールディン
1662,石油資源開発
1719,安藤・間
2201,森永製菓
8020,兼松
9301,三菱倉庫
4023,クレハ
2531,宝ホールディングス
4043,トクヤマ
8129,東邦ホールディングス
7240,ＮＯＫ
7867,タカラトミー
7730,マニー
7846,パイロットコーポレーション
8919,カチタス
6457,グローリー
9601,松竹
7004,日立造船
5393,ニチアス
8341,七十七銀行
7189,西日本フィナンシャルホールディングス
7205,日野自動車
9682,ＤＴＳ
9507,四国電力
5631,日本製鋼所
8570,イオンフィナンシャルサービス
6432,竹内製作所
5471,大同特殊鋼
7282,豊田合成
2121,ＭＩＸＩ
9031,西日本鉄道
3543,コメダホールディングス
6472,ＮＴＮ
4521,科研製薬
9010,富士急行
3048,ビックカメラ
7947,エフピコ
6055,ジャパンマテリアル
5344,ＭＡＲＵＷＡ
1377,サカタのタネ
4506,住友ファーマ
2327,日鉄ソリューションズ
8803,平和不動産
2154,オープンアップグループ
4958,長谷川香料
3549,クスリのアオキホールディングス
8377,ほくほくフィナンシャルグループ
6103,オークマ
9303,住友倉庫
8515,アイフル
2379,ディップ
8130,サンゲツ
9505,北陸電力
4443,Ｓａｎｓａｎ
1820,西松建設
6588,東芝テック
3186,ネクステージ
8098,稲畑産業
8179,ロイヤルホールディングス
4045,東亞合成
9746,ＴＫＣ
8572,アコム
4180,Ａｐｐｉｅｒ　Ｇｒｏｕｐ
4812,電通国際情報サービス
3148,クリエイトＳＤホールディングス
6407,ＣＫＤ
9832,オートバックスセブン
8595,ジャフコ　グループ
5192,三ツ星ベルト
3191,ジョイフル本田
3863,日本製紙
7839,ＳＨＯＥＩ
3865,北越コーポレーション
1973,ＮＥＣネッツエスアイ
2931,ユーグレナ
6395,タダノ
3962,チェンジホールディングス
2730,エディオン
2296,伊藤ハム米久ホールディングス
5384,フジミインコーポレーテッド
8303,ＳＢＩ新生銀行
8425,みずほリース
8370,紀陽銀行
7817,パラマウントベッドホールディングス
9757,船井総研ホールディングス
6135,牧野フライス製作所
1942,関電工
9603,エイチ・アイ・エス
8698,マネックスグループ
1969,高砂熱学工業
5232,住友大阪セメント
7581,サイゼリヤ
7965,象印マホービン
1833,奥村組
6323,ローツェ
6727,ワコム
6995,東海理化電機製作所
1333,マルハニチロ
4095,日本パーカライジング
7381,北國フィナンシャルホールディングス
7516,コーナン商事
9830,トラスコ中山
4686,ジャストシステム
8218,コメリ
8273,イズミ
9069,センコーグループホールディングス
9519,レノバ
3591,ワコールホールディングス
9605,東映
3097,物語コーポレーション
4041,日本曹達
7419,ノジマ
4680,ラウンドワン
4552,ＪＣＲファーマ
4928,ノエビアホールディングス
9509,北海道電力
6652,ＩＤＥＣ
6807,日本航空電子工業
3880,大王製紙
8153,モスフードサービス
9090,ＡＺ－ＣＯＭ丸和ホールディングス
9336,大栄環境
6371,椿本チエイン
2607,不二製油グループ本社
9948,アークス
8584,ジャックス
4480,メドレー
1861,熊谷組
6866,日置電機
2815,アリアケジャパン
2317,システナ
9869,加藤産業
2602,日清オイリオグループ
4044,セントラル硝子
9412,スカパーＪＳＡＴホールディングス
2001,ニップン
8381,山陰合同銀行
7327,第四北越フィナンシャルグループ
2270,雪印メグミルク
4974,タカラバイオ
8366,滋賀銀行
3167,ＴＯＫＡＩホールディングス
8050,セイコーグループ
3593,ホギメディカル
7966,リンテック
6368,オルガノ
8628,松井証券
4985,アース製薬
7630,壱番屋
4849,エン・ジャパン
8358,スルガ銀行
7220,武蔵精密工業
3101,東洋紡
6013,タクマ
7994,オカムラ
3569,セーレン
5726,大阪チタニウムテクノロジーズ
4722,フューチャー
8524,北洋銀行
9936,王将フードサービス
4634,東洋インキＳＣホールディングス
9678,カナモト
4547,キッセイ薬品工業
6908,イリソ電子工業
6632,ＪＶＣケンウッド
9716,乃村工藝社
9956,バローホールディングス
7242,ＫＹＢ
1979,大氣社
8154,加賀電子
6804,ホシデン
6622,ダイヘン
3222,ユナイテッド・スーパーマーケット・ホール
9715,トランス・コスモス
8511,日本証券金融
4373,シンプレクス・ホールディングス
2695,くら寿司
3087,ドトール・日レスホールディングス
3076,あい　ホールディングス
4534,持田製薬
8097,三愛オブリ
8848,レオパレス２１
2678,アスクル
5703,日本軽金属ホールディングス
5423,東京製鐵
5741,ＵＡＣＪ
2146,ＵＴグループ
4189,ＫＨネオケム
4694,ビー・エム・エル
7224,新明和工業
7380,十六フィナンシャルグループ
9409,テレビ朝日ホールディングス
4569,杏林製薬
6420,フクシマガリレイ
7545,西松屋チェーン
8160,木曽路
5727,東邦チタニウム
8616,東海東京フィナンシャル・ホールディングス
8074,ユアサ商事
6914,オプテックスグループ
4776,サイボウズ
9119,飯野海運
4626,太陽ホールディングス
2659,サンエー
9302,三井倉庫ホールディングス
6619,ダブル・スコープ
8609,岡三証券グループ
9672,東京都競馬
8566,リコーリース
7148,ＦＰＧ
1835,東鉄工業
8367,南都銀行
6651,日東工業
8276,平和堂
1926,ライト工業
8368,百五銀行
8850,スターツコーポレーション
9882,イエローハット
3433,トーカロ
3182,オイシックス・ラ・大地
4996,クミアイ化学工業
8140,リョーサン
7611,ハイデイ日高
7943,ニチハ
4975,ＪＣＵ
2733,あらた
2157,コシダカホールディングス
6490,日本ピラー工業
7816,スノーピーク
7595,アルゴグラフィックス
7915,ＮＩＳＳＨＡ
4368,扶桑化学工業
4917,マンダム
3244,サムティ
7173,東京きらぼしフィナンシャルグループ
8361,大垣共立銀行
6498,キッツ
5930,文化シヤッター
9787,イオンディライト
7451,三菱食品
9418,ＵＳＥＮ－ＮＥＸＴ　ＨＯＬＤＩＮＧＳ
4956,コニシ
1941,中電工
4559,ゼリア新薬工業
8771,イー・ギャランティ
8022,美津濃
6703,沖電気工業
6768,タムラ製作所
7718,スター精密
2767,円谷フィールズホールディングス
3002,グンゼ
5202,日本板硝子
5451,淀川製鋼所
4384,ラクスル
6287,サトーホールディングス
6737,ＥＩＺＯ
8200,リンガーハット
2292,Ｓ　Ｆｏｏｄｓ
1419,タマホーム
1961,三機工業
2685,アダストリア
6258,平田機工
7071,アンビスホールディングス
2726,パルグループホールディングス
9974,ベルク
7734,理研計器
2326,デジタルアーツ
7278,エクセディ
6036,ＫｅｅＰｅｒ技研
6080,Ｍ＆Ａキャピタルパートナーズ
1766,東建コーポレーション
6104,芝浦機械
4212,積水樹脂
6101,ツガミ
2874,横浜冷凍
5186,ニッタ
7864,フジシールインターナショナル
6750,エレコム
7296,エフ・シー・シー
2492,インフォマート
1890,東洋建設
9517,イーレックス
9699,ニシオホールディングス
6235,オプトラン
6810,マクセル
8133,伊藤忠エネクス
1821,三井住友建設
2281,プリマハム
3254,プレサンスコーポレーション
2760,東京エレクトロン　デバイス
7981,タカラスタンダード
8714,池田泉州ホールディングス
6787,メイコー
8051,山善
6947,図研
7944,ローランド
4553,東和薬品
6222,島精機製作所
5480,日本冶金工業
3762,テクマトリックス
6516,山洋電気
2384,ＳＢＳホールディングス
6590,芝浦メカトロニクス
8032,日本紙パルプ商事
2337,いちご
8600,トモニホールディングス
7389,あいちフィナンシャルグループ
4369,トリケミカル研究所
4348,インフォコム
8585,オリエントコーポレーション
7575,日本ライフライン
8278,フジ
1720,東急建設
5911,横河ブリッジホールディングス
5988,パイオラックス
7995,バルカー
6474,不二越
9347,日本管財ホールディングス
2220,亀田製菓
2590,ダイドーグループホールディングス
1950,日本電設工業
7226,極東開発工業
7447,ナガイレーベン
6508,明電舎
8079,正栄食品工業
7250,太平洋工業
8388,阿波銀行
5943,ノーリツ
8336,武蔵野銀行
6200,インソース
6929,日本セラミック
7128,フルサト・マルカホールディングス
9075,福山通運
7821,前田工繊
9037,ハマキョウレックス
9025,鴻池運輸
2395,新日本科学
6454,マックス
7199,プレミアグループ
8125,ワキタ
7599,ＩＤＯＭ
3201,日本毛織
8194,ライフコーポレーション
3844,コムチュア
8923,トーセイ
7860,エイベックス
6875,メガチップス
1949,住友電設
4046,大阪ソーダ
9543,静岡ガス
4471,三洋化成工業
6996,ニチコン
7384,プロクレアホールディングス
9511,沖縄電力
7433,伯東
4549,栄研化学
6999,ＫＯＡ
9247,ＴＲＥホールディングス
4290,プレステージ・インターナショナル
6140,旭ダイヤモンド工業
6741,日本信号
5946,長府製作所
8255,アクシアル　リテイリング
8544,京葉銀行
7976,三菱鉛筆
1968,太平電業
7421,カッパ・クリエイト
6455,モリタホールディングス
3673,ブロードリーフ
7917,藤森工業
5975,東プレ
3668,コロプラ
2929,ファーマフーズ
1885,東亜建設工業
3085,アークランドサービスホールディングス
5310,東洋炭素
7740,タムロン
4708,りらいあコミュニケーションズ
7970,信越ポリマー
4633,サカタインクス
6349,小森コーポレーション
1852,淺沼組
2353,日本駐車場開発
5481,山陽特殊製鋼
7003,三井Ｅ＆Ｓ
8016,オンワードホールディングス
4449,ギフティ
7246,プレス工業
3636,三菱総合研究所
6282,オイレス工業
4848,フルキャストホールディングス
8167,リテールパートナーズ
5302,日本カーボン
7483,ドウシシャ
6744,能美防災
9842,アークランズ
6340,澁谷工業
6464,ツバキ・ナカシマ
2124,ジェイエイシーリクルートメント
1954,日本工営
6877,ＯＢＡＲＡ　ＧＲＯＵＰ
9424,日本通信
1379,ホクト
5331,ノリタケカンパニーリミテド
2168,パソナグループ
2594,キーコーヒー
3950,ザ・パック
2004,昭和産業
4641,アルプス技研
4432,ウイングアーク１ｓｔ
5563,新日本電工
9039,サカイ引越センター
9900,サガミホールディングス
5122,オカモト
9416,ビジョン
9810,日鉄物産
8068,菱洋エレクトロ
7606,ユナイテッドアローズ
9551,メタウォーター
2109,ＤＭ三井製糖ホールディングス
8522,名古屋銀行
6413,理想科学工業
7085,カーブスホールディングス
6376,日機装
6250,やまびこ
8057,内田洋行
6459,大和冷機工業
9308,乾汽船
3608,ＴＳＩホールディングス
8059,第一実業
8934,サンフロンティア不動産
5440,共英製鋼
3156,レスターホールディングス
7593,ＶＴホールディングス
9110,ＮＳユナイテッド海運
9887,松屋フーズホールディングス
3110,日東紡績
8818,京阪神ビルディング
4028,石原産業
4216,旭有機材
4825,ウェザーニューズ
7744,ノーリツ鋼機
8237,松屋
9068,丸全昭和運輸
8219,青山商事
6315,ＴＯＷＡ
3445,ＲＳ　Ｔｅｃｈｎｏｌｏｇｉｅｓ
6143,ソディック
8399,琉球銀行
4971,メック
6277,ホソカワミクロン
8155,三益半導体工業
6058,ベクトル
1515,日鉄鉱業
6379,レイズネクスト
7613,シークス
6630,ヤーマン
5011,ニチレキ
7739,キヤノン電子
5702,大紀アルミニウム工業所
5208,有沢製作所
6191,エアトリ
7184,富山第一銀行
5715,古河機械金属
6871,日本マイクロニクス
5805,ＳＷＣＣ
4481,ベース
6289,技研製作所
5273,三谷セキサン
1518,三井松島ホールディングス
1762,高松コンストラクショングループ
6339,新東工業
7990,グローブライド
6997,日本ケミコン
7958,天馬
4047,関東電化工業
7745,Ａ＆Ｄホロンホールディングス
9692,シーイーシー
9058,トランコム
6523,ＰＨＣホールディングス
7350,おきなわフィナンシャルグループ
9755,応用地質
3612,ワールド
4617,中国塗料
2908,フジッコ
7366,ＬＩＴＡＬＩＣＯ
3302,帝国繊維
3465,ケイアイスター不動産
2664,カワチ薬品
6507,シンフォニアテクノロジー
6183,ベルシステム２４ホールディングス
3036,アルコニックス
7239,タチエス
8892,日本エスコン
8897,ＭＩＲＡＲＴＨホールディングス
8173,上新電機
1301,極洋
9997,ベルーナ
1982,日比谷総合設備
3632,グリー
7508,Ｇ－７ホールディングス
6789,ローランド　ディー．ジー．
8043,スターゼン
1888,若築建設
9790,福井コンピュータホールディングス
9729,トーカイ
3106,倉敷紡績
9267,Ｇｅｎｋｙ　ＤｒｕｇＳｔｏｒｅｓ
8214,ＡＯＫＩホールディングス
2471,エスプール
4551,鳥居薬品
6269,三井海洋開発
5408,中山製鋼所
3046,ジンズホールディングス
6458,新晃工業
4008,住友精化
9413,テレビ東京ホールディングス
7456,松田産業
7033,マネジメントソリューションズ
3028,アルペン
3034,クオールホールディングス
1887,日本国土開発
6419,マースグループホールディングス
4025,多木化学
9052,山陽電気鉄道
8131,ミツウロコグループホールディングス
1899,福田組
6197,ソラスト
6351,鶴見製作所
4326,インテージホールディングス
1934,ユアテック
8084,ＲＹＯＤＥＮ
9536,西部ガスホールディングス
3836,アバントグループ
6118,アイダエンジニアリング
3978,マクロミル
4577,ダイト
7552,ハピネット
2791,大黒天物産
8715,アニコム　ホールディングス
5461,中部鋼鈑
4914,高砂香料工業
8163,ＳＲＳホールディングス
3738,ティーガイア
8037,カメイ
9621,建設技術研究所
8346,東邦銀行
6381,アネスト岩田
9663,ナガワ
4526,理研ビタミン
5195,バンドー化学
5851,リョービ
8281,ゼビオホールディングス
2734,サーラコーポレーション
5970,ジーテクト
8871,ゴールドクレスト
2211,不二家
6284,日精エー・エス・ビー機械
6333,帝国電機製作所
8141,新光商事
8182,いなげや
2681,ゲオホールディングス
5949,ユニプレス
1882,東亜道路工業
6430,ダイコク電機
4099,四国化成ホールディングス
2910,ロック・フィールド
7383,ネットプロテクションズホールディングス
3001,片倉工業
8386,百十四銀行
6088,シグマクシス・ホールディングス
1786,オリエンタル白石
2752,フジオフードグループ本社
7972,イトーキ
9824,泉州電業
7222,日産車体
6859,エスペック
2715,エレマテック
2918,わらべや日洋ホールディングス
8739,スパークス・グループ
9066,日新
2613,Ｊ－オイルミルズ
8008,ヨンドシーホールディングス
5482,愛知製鋼
6463,ＴＰＲ
9722,藤田観光
7414,小野建
6800,ヨコオ
9743,丹青社
7283,愛三工業
8159,立花エレテック
4109,ステラ　ケミファ
4548,生化学工業
9274,ＫＰＰグループホールディングス
6740,ジャパンディスプレイ
1884,日本道路
3539,ＪＭホールディングス
1822,大豊建設
1980,ダイダン
1976,明星工業
3395,サンマルクホールディングス
3687,フィックスターズ
3660,アイスタイル
6196,ストライク
7105,三菱ロジスネクスト
9889,ＪＢＣＣホールディングス
6941,山一電機
3657,ポールトゥウィンホールディングス
5410,合同製鐵
8393,宮崎銀行
3817,ＳＲＡホールディングス
8075,神鋼商事
9740,セントラル警備保障
6817,スミダコーポレーション
2742,ハローズ
4187,大阪有機化学工業
9928,ミロク情報サービス
4923,コタ
3176,三洋貿易
1663,Ｋ＆Ｏエナジーグループ
3091,ブロンコビリー
2288,丸大食品
7921,ＴＡＫＡＲＡ　＆　ＣＯＭＰＡＮＹ
2053,中部飼料
8217,オークワ
7231,トピー工業
3661,エムアップホールディングス
9960,東テク
4362,日本精化
3151,バイタルケーエスケー・ホールディングス
9474,ゼンリン
9619,イチネンホールディングス
8151,東陽テクニカ
5809,タツタ電線
6332,月島ホールディングス
4246,ダイキョーニシカワ
8707,岩井コスモホールディングス
4298,プロトコーポレーション
7717,ブイ・テクノロジー
3679,じげん
7354,ダイレクトマーケティングミックス
9919,関西フードマーケット
2980,ＳＲＥホールディングス
3252,地主
7679,薬王堂ホールディングス
8014,蝶理
9470,学研ホールディングス
6517,デンヨー
6486,イーグル工業
8345,岩手銀行
1879,新日本建設
6480,日本トムソン
4343,イオンファンタジー
6328,荏原実業
6278,ユニオンツール
2170,リンクアンドモチベーション
8168,ケーヨー
6254,野村マイクロ・サイエンス
6779,日本電波工業
7905,大建工業
7868,広済堂ホールディングス
6364,北越工業
5191,住友理工
6418,日本金銭機械
4318,クイック
7322,三十三フィナンシャルグループ
5959,岡部
4078,堺化学工業
4714,リソー教育
4674,クレスコ
6272,レオン自動機
7607,進和
6099,エラン
5541,大平洋金属
8387,四国銀行
8613,丸三証券
8713,フィデアホールディングス
6363,酉島製作所
9612,ラックランド
9310,日本トランスシティ
1815,鉄建建設
6078,バリューＨＲ
6644,大崎電気工業
7840,フランスベッドホールディングス
6844,新電元工業
6961,エンプラス
3708,特種東海製紙
7467,萩原電気ホールディングス
2930,北の達人コーポレーション
5351,品川リフラクトリーズ
7198,アルヒ
6718,アイホン
4220,リケンテクノス
2792,ハニーズホールディングス
3371,ソフトクリエイトホールディングス
4886,あすか製薬ホールディングス
4820,ＥＭシステムズ
6905,コーセル
4719,アルファシステムズ
6387,サムコ
7130,ヤマエグループホールディングス
8793,ＮＥＣキャピタルソリューション
2692,伊藤忠食品
8362,福井銀行
3854,アイル
4116,大日精化工業
4072,電算システムホールディングス
8132,シナネンホールディングス
3284,フージャースホールディングス
3901,マークラインズ
4763,クリーク・アンド・リバー社
7512,イオン北海道
2429,ワールドホールディングス
9099,Ｃ＆Ｆロジホールディングス
3196,ホットランド
5074,テスホールディングス
3104,富士紡ホールディングス
4997,日本農薬
9902,日伝
5352,黒崎播磨
4218,ニチバン
2209,井村屋グループ
8550,栃木銀行
6617,東光高岳
8005,スクロール
4687,ＴＤＣソフト
3232,三重交通グループホールディングス
2922,なとり
1805,飛島建設
4951,エステー
6238,フリュー
8392,大分銀行
7874,レック
6745,ホーチキ
4423,アルテリア・ネットワークス
1375,雪国まいたけ
7241,フタバ産業
6814,古野電気
1813,不動テトラ
3245,ディア・ライフ
3902,メディカル・データ・ビジョン
7522,ワタミ
3198,ＳＦＰホールディングス
8841,テーオーシー
6564,ミダックホールディングス
8343,秋田銀行
6345,アイチ　コーポレーション
1898,世紀東急工業
8344,山形銀行
3788,ＧＭＯグローバルサイン・ホールディングス
7504,高速
3199,綿半ホールディングス
4344,ソースネクスト
9534,北海道瓦斯
2217,モロゾフ
5288,アジアパイルホールディングス
3333,あさひ
1870,矢作建設工業
5976,高周波熱錬
4743,アイティフォー
8360,山梨中央銀行
8101,ＧＳＩクレオス
4337,ぴあ
7537,丸文
6035,アイ・アールジャパンホールディングス
6310,井関農機
7818,トランザクション
8541,愛媛銀行
5707,東邦亜鉛
1946,トーエネック
8244,近鉄百貨店
3915,テラスカイ
3431,宮地エンジニアリンググループ
3153,八洲電機
7942,ＪＳＰ
2305,スタジオアリス
1938,日本リーテック
7844,マーベラス
7280,ミツバ
4215,タキロンシーアイ
6462,リケン
7609,ダイトロン
9946,ミニストップ
6184,鎌倉新書
4097,高圧ガス工業
8142,トーホー
3903,ｇｕｍｉ
6820,アイコム
3932,アカツキ
8935,ＦＪネクストホールディングス
8624,いちよし証券
2804,ブルドックソース
5757,ＣＫサンエツ
8614,東洋証券
6616,トレックス・セミコンダクター
2060,フィード・ワン
2475,ＷＤＢホールディングス
7925,前澤化成工業
2899,永谷園ホールディングス
1952,新日本空調
9279,ギフトホールディングス
6794,フォスター電機
6309,巴工業
8065,佐藤商事
3480,ジェイ・エス・ビー
4611,大日本塗料
4725,ＣＡＣ　Ｈｏｌｄｉｎｇｓ
6584,三櫻工業
6369,トーヨーカネツ
9260,西本Ｗｉｓｍｅｔｔａｃホールディングス
8877,エスリード
4636,Ｔ＆Ｋ　ＴＯＫＡ
9055,アルプス物流
4301,アミューズ
7245,大同メタル工業
3926,オープンドア
4813,ＡＣＣＥＳＳ
2266,六甲バター
2491,バリューコマース
9628,燦ホールディングス
8137,サンワテクノス
9070,トナミホールディングス
7637,白銅
8558,東和銀行
6266,タツモ
6440,ＪＵＫＩ
8337,千葉興業銀行
6986,双葉電子工業
3580,小松マテーレ
9381,エーアイテイー
8708,アイザワ証券グループ
7513,コジマ
6095,メドピア
8860,フジ住宅
3443,川田テクノロジーズ
1975,朝日工業社
4801,セントラルスポーツ
2108,日本甜菜製糖
4839,ＷＯＷＯＷ
2489,アドウェイズ
8103,明和産業
4221,大倉工業
5602,栗本鐵工所
4726,ＳＢテクノロジー
6151,日東工器
4249,森六ホールディングス
6809,ＴＯＡ
6958,日本シイエムケイ
8920,東祥
9742,アイネス
5357,ヨータイ
2753,あみやき亭
9828,元気寿司
2153,Ｅ・Ｊホールディングス
7820,ニホンフラッシュ
6306,日工
3835,ｅＢＡＳＥ
2309,シミックホールディングス
8395,佐賀銀行
8150,三信電気
9726,ＫＮＴ－ＣＴホールディングス
9932,杉本商事
8093,極東貿易
6157,日進工具
7463,アドヴァングループ
3150,グリムス
1929,日特建設
7979,松風
7480,スズデン
6706,電気興業
2389,デジタルホールディングス
4671,ファルコホールディングス
3916,デジタル・インフォメーション・テクノロジ
7715,長野計器
2882,イートアンドホールディングス
4992,北興化学工業
8061,西華産業
9384,内外トランスライン
8203,ＭｒＭａｘＨＤ
7721,東京計器
6062,チャーム・ケア・コーポレーション
6298,ワイエイシイホールディングス
2749,ＪＰホールディングス
3946,トーモク
9304,澁澤倉庫
2698,キャンドゥ
3676,デジタルハーツホールディングス
5142,アキレス
4554,富士製薬工業
8338,筑波銀行
4082,第一稀元素化学工業
6089,ウィルグループ
7238,曙ブレーキ工業
9850,グルメ杵屋
6855,日本電子材料
4826,ＣＩＪ
4746,東計電算
4994,大成ラミック
5445,東京鐵鋼
9880,イノテック
9081,神奈川中央交通
5957,日東精工
6742,京三製作所
4251,恵和
4345,シーティーエス
7172,ジャパンインベストメントアドバイザー
6247,日阪製作所
1945,東京エネシス
9769,学究社
3341,日本調剤
3193,鳥貴族ホールディングス
8018,三共生興
4112,保土谷化学工業
9990,サックスバー　ホールディングス
9856,ケーユーホールディングス
3093,トレジャー・ファクトリー
1780,ヤマウラ
6850,チノー
2294,柿安本店
6237,イワキポンプ
2117,ウェルネオシュガー
9046,神戸電鉄
7949,小松ウオール工業
7856,萩原工業
9896,ＪＫホールディングス
7475,アルビス
2737,トーメンデバイス
5821,平河ヒューテック
8081,カナデン
6050,イー・ガーディアン
7420,佐鳥電機
3328,ＢＥＥＮＯＳ
7955,クリナップ
6676,メルコホールディングス
8185,チヨダ
3139,ラクト・ジャパン
6073,アサンテ
2915,ケンコーマヨネーズ
4022,ラサ工業
7294,ヨロズ
4968,荒川化学工業
4765,ＳＢＩグローバルアセットマネジメント
1871,ピーエス三菱
6937,古河電池
9658,ビジネスブレイン太田昭和
1726,ビーアールホールディングス
6823,リオン
2533,オエノンホールディングス
7952,河合楽器製作所
4310,ドリームインキュベータ
7482,シモジマ
6962,大真空
7438,コンドーテック
8095,アステナホールディングス
6070,キャリアリンク
3925,ダブルスタンダード
7893,プロネクサス
4390,ＩＰＳ
2461,ファンコミュニケーションズ
3315,日本コークス工業
2477,手間いらず
8070,東京産業
7466,ＳＰＫ
4668,明光ネットワークジャパン
7628,オーハシテクニカ
9739,ＮＳＷ
2819,エバラ食品工業
7962,キングジム
4658,日本空調サービス
6240,ヤマシンフィルタ
4027,テイカ
8157,都築電気
7014,名村造船所
4931,新日本製薬
3843,フリービット
6915,千代田インテグレ
2933,紀文食品
9837,モリト
5933,アルインコ
5932,三協立山
7823,アートネイチャー
9600,アイネット
7102,日本車輌製造
1939,四電工
8165,千趣会
7914,共同印刷
4792,山田コンサルティンググループ
3482,ロードスターキャピタル
6331,三菱化工機
2003,日東富士製粉
9305,ヤマタネ
3546,アレンザホールディングス
7244,市光工業
3183,ウイン・パートナーズ
3964,オークネット
7605,フジ・コーポレーション
4718,早稲田アカデミー
7931,未来工業
2204,中村屋
8622,水戸証券
6640,Ｉ－ＰＥＸ
3421,稲葉製作所
5902,ホッカンホールディングス
2120,ＬＩＦＵＬＬ
3656,ＫＬａｂ
9535,広島ガス
3778,さくらインターネット
3694,オプティム
6485,前澤給装工業
4396,システムサポート
6293,日精樹脂工業
9717,ジャステック
3771,システムリサーチ
1873,日本ハウスホールディングス
2301,学情
6330,東洋エンジニアリング
2359,コア
7520,エコス
4662,フォーカスシステムズ
8706,極東証券
4709,ＩＤホールディングス
7554,幸楽苑ホールディングス
8881,日神グループホールディングス
3837,アドソル日進
5632,三菱製鋼
3983,オロ
9278,ブックオフグループホールディングス
2462,ライク
3984,ユーザーローカル
4312,サイバネットシステム
3475,グッドコムアセット
7596,魚力
8551,北日本銀行
4955,アグロ　カネショウ
9324,安田倉庫
5989,エイチワン
3458,シーアールイー
6763,帝国通信工業
8052,椿本興業
5981,東京製綱
6264,マルマエ
3228,三栄建築設計
4574,大幸薬品
9622,スペース
4845,スカラ
9795,ステップ
3179,シュッピン
5262,日本ヒューム
6262,ＰＥＧＡＳＵＳ
2676,高千穂交易
7510,たけびし
4462,石原ケミカル
1376,カネコ種苗
2335,キューブシステム
8842,東京楽天地
2307,クロスキャット
2378,ルネサンス
8864,空港施設
3688,ＣＡＲＴＡ　ＨＯＬＤＩＮＧＳ
4809,パラカ
4461,第一工業製薬
2935,ピックルスホールディングス
2440,ぐるなび
9450,ファイバーゲート
4323,日本システム技術
3937,Ｕｂｉｃｏｍホールディングス
3561,力の源ホールディングス
2207,名糖産業
4053,Ｓｕｎ　Ａｓｔｅｒｉｓｋ
4767,テー・オー・ダブリュー
2372,アイロムグループ
7888,三光合成
6788,日本トリム
4745,東京個別指導学院
6571,キュービーネットホールディングス
5464,モリ工業
4228,積水化成品工業
3103,ユニチカ
3073,ＤＤホールディングス
4538,扶桑薬品工業
1810,松井建設
6638,ミマキエンジニアリング
7590,タカショー
8798,アドバンスクリエイト
4420,イーソル
5659,日本精線
3834,朝日ネット
6445,ジャノメ
6482,ユーシン精機
6470,大豊工業
9405,朝日放送グループホールディングス
9629,ピー・シー・エー
4275,カーリットホールディングス
3681,ブイキューブ
4229,群栄化学工業
7725,インターアクション
5449,大阪製鐵
3180,ビューティガレージ
2445,タカミヤ
3677,システム情報
4092,日本化学工業
2540,養命酒製造
1967,ヤマト
9702,アイ・エス・ビー
4973,日本高純度化学
3763,プロシップ
3031,ラクーンホールディングス
7600,日本エム・ディ・エム
3548,バロックジャパンリミテッド
6569,日総工産
7723,愛知時計電機
9248,人・夢・技術グループ
8285,三谷産業
6535,アイモバイル
7092,Ｆａｓｔ　Ｆｉｔｎｅｓｓ　Ｊａｐａｎ
7236,ティラド
7989,立川ブラインド工業
4620,藤倉化成
6798,ＳＭＫ
7408,ジャムコ
3696,セレス
1964,中外炉工業
3154,メディアスホールディングス
2975,スター・マイカ・ホールディングス
8364,清水銀行
4828,ビジネスエンジニアリング
5121,藤倉コンポジット
2884,ヨシムラ・フード・ホールディングス
4936,アクシージア
3678,メディアドゥ
6291,日本エアーテック
9991,ジェコス
4100,戸田工業
1514,住石ホールディングス
3457,Ａｎｄ　Ｄｏホールディングス
5185,フコク
3276,ＪＰＭＣ
3023,ラサ商事
1930,北陸電気工事
5992,中央発條
6785,鈴木
5218,オハラ
5017,富士石油
6378,木村化工機
3665,エニグモ
2193,クックパッド
2148,アイティメディア
6572,ＲＰＡホールディングス
3040,ソリトンシステムズ
1435,Ｒｏｂｏｔ　Ｈｏｍｅ
5909,コロナ
8918,ランド
9216,ビーウィズ
6358,酒井重工業
9319,中央倉庫
7987,ナカバヤシ
7187,ジェイリース
2325,ＮＪＳ
3655,ブレインパッド
9979,大庄
6556,ウェルビー
2374,セントケア・ホールディング
7088,フォーラムエンジニアリング
6879,ＩＭＡＧＩＣＡ　ＧＲＯＵＰ
8029,ルックホールディングス
9386,日本コンセプト
5852,アーレスティ
5269,日本コンクリート工業
6199,セラク
3649,ファインデックス
6194,アトラエ
8158,ソーダニッカ
4619,日本特殊塗料
6047,Ｇｕｎｏｓｙ
7702,ＪＭＳ
6927,ヘリオス　テクノ　ホールディング
3415,ＴＯＫＹＯ　ＢＡＳＥ
7971,東リ
3853,アステリア
8275,フォーバル
9115,明治海運
3547,串カツ田中ホールディングス
7525,リックス
9369,キユーソー流通システム
8011,三陽商会
3939,カナミックネットワーク
3388,明治電機工業
7769,リズム
9632,スバル興業
4651,サニックス
4410,ハリマ化成グループ
7570,橋本総業ホールディングス
2674,ハードオフコーポレーション
1866,北野建設
2764,ひらまつ
9994,やまや
6390,加藤製作所
5013,ユシロ化学工業
1716,第一カッター興業
4299,ハイマックス
6730,アクセル
6317,北川鉄工所
3109,シキボウ
6678,テクノメディカ
3319,ゴルフダイジェスト・オンライン
9788,ナック
9273,コーア商事ホールディングス
6294,オカダアイヨン
4979,ＯＡＴアグリオ
4433,ヒト・コミュニケーションズ・ホールディン
7212,エフテック
5985,サンコール
2428,ウェルネット
9514,エフオン
6071,ＩＢＪ
9995,グローセル
4977,新田ゼラチン
1429,日本アクア
3662,エイチーム
6547,グリーンズ
6082,ライドオンエクスプレスホールディングス
2453,ジャパンベストレスキューシステム
7937,ツツミ
4434,サーバーワークス
3053,ペッパーフードサービス
9765,オオバ
6924,岩崎電気
4382,ＨＥＲＯＺ
9368,キムラユニティー
4064,日本カーバイド工業
2009,鳥越製粉
6087,アビスト
1921,巴コーポレーション
3864,三菱製紙
4350,メディカルシステムネットワーク
4331,テイクアンドギヴ・ニーズ
1972,三晃金属工業
6165,パンチ工業
7811,中本パックス
2130,メンバーズ
8007,高島
8291,日産東京販売ホールディングス
6932,遠藤照明
8349,東北銀行
7266,今仙電機製作所
8999,グランディハウス
7417,南陽
8521,長野銀行
6615,ユー・エム・シー・エレクトロニクス
6620,宮越ホールディングス
3501,住江織物
7445,ライトオン
7305,新家工業
4238,ミライアル
6203,豊和工業
2169,ＣＤＳ
5337,ダントーホールディングス
3134,Ｈａｍｅｅ
3221,ヨシックスホールディングス
6989,北陸電気工業
3666,テクノスジャパン
6461,日本ピストンリング
9438,エムティーアイ
8904,ＡＶＡＮＴＩＡ
5261,リソルホールディングス
7618,ピーシーデポコーポレーション
1909,日本ドライケミカル
8917,ファースト住建
8928,穴吹興産
7271,安永
3741,セック
6210,東洋機械金属
7455,パリミキホールディングス
3159,丸善ＣＨＩホールディングス
3922,ＰＲ　ＴＩＭＥＳ
2410,キャリアデザインセンター
3178,チムニー
1814,大末建設
6560,エル・ティー・エス
9675,常磐興産
6489,前澤工業
6533,Ｏｒｃｈｅｓｔｒａ　Ｈｏｌｄｉｎｇｓ
9633,東京テアトル
3675,クロス・マーケティンググループ
2982,ＡＤワークスグループ
6928,エノモト
3544,サツドラホールディングス
1847,イチケン
2612,かどや製油
7487,小津産業
5698,エンビプロ・ホールディングス
1811,錢高組
9351,東洋埠頭
7347,マーキュリアホールディングス
7038,フロンティア・マネジメント
3299,ムゲンエステート
3447,信和
2183,リニカル
7494,コナカ
3877,中越パルプ工業
8091,ニチモウ
3205,ダイドーリミテッド
1717,明豊ファシリティワークス
6699,ダイヤモンドエレクトリックホールディング
3784,ヴィンクス
3452,ビーロット
9986,蔵王産業
8596,九州リースサービス
7898,ウッドワン
4465,ニイタカ
3611,マツオカコーポレーション
3918,ＰＣＩホールディングス
3921,ネオジャパン
7247,ミクニ
8869,明和地所
6675,サクサホールディングス
4847,インテリジェント　ウェイブ
6653,正興電機製作所
6848,東亜ディーケーケー
8041,ＯＵＧホールディングス
3434,アルファＣｏ
8089,ナイス
7727,オーバル
9306,東陽倉庫
9768,いであ
8383,鳥取銀行
5018,ＭＯＲＥＳＣＯ
7358,ポピンズ
1867,植木組
3321,ミタチ産業
7775,大研医器
6236,ＮＣホールディングス
6083,ＥＲＩホールディングス
7192,日本モーゲージサービス
7527,システムソフト
6704,岩崎通信機
2735,ワッツ
6208,石川製作所
4463,日華化学
7191,イントラスト
3484,テンポイノベーション
3361,トーエル
6904,原田工業
6121,ＴＡＫＩＳＡＷＡ
3667,ｅｎｉｓｈ
5015,ビーピー・カストロール
8038,東都水産
9644,タナベコンサルティンググループ
7161,じもとホールディングス
5951,ダイニチ工業
6167,冨士ダイス
4031,片倉コープアグリ
4404,ミヨシ油脂
3446,ジェイテックコーポレーション
6539,ＭＳ－Ｊａｐａｎ
2198,アイ・ケイ・ケイホールディングス
2163,アルトナー
4392,ＦＩＧ
6853,共和電業
6505,東洋電機製造
1430,ファーストコーポレーション
8542,トマト銀行
6444,サンデン
9262,シルバーライフ
4286,ＣＬホールディングス
2904,一正蒲鉾
7196,Ｃａｓａ
3633,ＧＭＯペパボ
5658,日亜鋼業
7291,日本プラスト
8537,大光銀行
6316,丸山製作所
2812,焼津水産化学工業
9414,日本ＢＳ放送
1914,日本基礎技術
5942,日本フイルコン
7514,ヒマラヤ
8835,太平洋興発
3963,シンクロ・フード
5363,東京窯業
6393,油研工業
6373,大同工業
3553,共和レザー
8207,テンアライド
1826,佐田建設
4333,東邦システムサイエンス
3648,ＡＧＳ
8908,毎日コムネット
5915,駒井ハルテック
3166,ＯＣＨＩホールディングス
2597,ユニカフェ
4406,新日本理化
5187,クリエートメディック
9312,ケイヒン
4963,星光ＰＭＣ
2418,ツカダ・グローバルホールディング
8945,サンネクスタグループ
4248,竹本容器
4284,ソルクシーズ
7743,シード
3683,サイバーリンクス
3079,ディーブイエックス
3992,ニーズウェル
3393,スターティアホールディングス
1827,ナカノフドー建設
9232,パスコ
3157,ジューテックホールディングス
4093,東邦アセチレン
6096,レアジョブ
5367,ニッカトー
9731,白洋舎
6513,オリジン
7481,尾家産業
2689,オルバヘルスケアホールディングス
7908,きもと
7561,ハークスレイ
5009,富士興産
3160,大光
8772,アサックス
7030,スプリックス
5388,クニミネ工業
1433,ベステラ
8732,マネーパートナーズグループ
4320,ＣＥホールディングス
6319,シンニッタン
2485,ティア
7277,ＴＢＫ
7214,ＧＭＢ
3030,ハブ
3565,アセンテック
5210,日本山村硝子
1712,ダイセキ環境ソリューション
3467,アグレ都市デザイン
4245,ダイキアクシス
9074,日本石油輸送
9325,ファイズホールディングス
7885,タカノ
6362,石井鐵工所
7256,河西工業
3571,ソトー
2818,ピエトロ
9982,タキヒヨー
3392,デリカフーズホールディングス
6292,カワタ
3526,芦森工業
9930,北沢産業
3924,ランドコンピュータ
3852,サイバーコム
3277,サンセイランディック
8563,大東銀行
8365,富山銀行
9993,ヤマザワ
3529,アツギ
7059,コプロ・ホールディングス
4441,トビラシステムズ
5204,石塚硝子
3246,コーセーアールイー
8562,福島銀行
2112,塩水港精糖
8025,ツカモトコーポレーション
2883,大冷
3396,フェリシモ
7822,永大産業
4446,Ｌｉｎｋ－Ｕ
6926,岡谷電機産業
3512,日本フエルト
8416,高知銀行
4512,わかもと製薬
7999,ＭＵＴＯＨホールディングス
8118,キング
4929,アジュバンホールディングス
3969,エイトレッド
3489,フェイスネットワーク
9078,エスライン
5819,カナレ電気
3294,イーグランド
6654,不二電機工業
7795,ＫＹＯＲＩＴＳＵ
5986,モリテック　スチール
5958,三洋工業
8127,ヤマトインターナショナル
7416,はるやまホールディングス
3486,グローバル・リンク・マネジメント
5923,高田機工
4531,有機合成薬品工業
3878,巴川製紙所
3521,エコナックホールディングス
8769,アドバンテッジリスクマネジメント
4728,トーセ
3968,セグエグループ
6428,オーイズミ
5491,日本金属
7506,ハウス　オブ　ローゼ
7122,近畿車輛
3981,ビーグリー
3082,きちりホールディングス
4231,タイガースポリマー
8289,Ｏｌｙｍｐｉｃグループ
2180,サニーサイドアップグループ
4926,シーボン
3640,電算
3996,サインポスト
6771,池上通信機
2686,ジーフット
9479,インプレスホールディングス
6551,ツナググループ・ホールディングス
8518,日本アジア投資
4346,ネクシィーズグループ
3912,モバイルファクトリー
3267,フィル・カンパニー
3627,ＪＮＳホールディングス
3172,ティーライフ
1848,富士ピー・エス
7442,中山福
6748,星和電機
8230,はせがわ
7619,田中商事
7213,レシップホールディングス
6973,協栄産業
9428,クロップス
9265,ヤマシタヘルスケアホールディングス
6715,ナカヨ
3551,ダイニック
3538,ウイルプラスホールディングス
9763,丸紅建材リース
7022,サノヤスホールディングス
6803,ティアック
4539,日本ケミファ
4098,チタン工業
9380,東海運
7940,ウェーブロックホールディングス
7646,ＰＬＡＮＴ
7135,ジャパンクラフトホールディングス
9872,北恵
6044,三機サービス
3275,ハウスコム
3454,ファーストブラザーズ
3168,黒谷
3175,エー・ピーホールディングス
2924,イフジ産業
7833,アイフィスジャパン
9322,川西倉庫
2107,東洋精糖
3513,イチカワ
8260,井筒屋
5391,エーアンドエーマテリアル
2196,エスクリ
2599,ジャパンフーズ
9130,共栄タンカー
5128,ＷＯＷ　ＷＯＲＬＤ　ＧＲＯＵＰ
9366,サンリツ
3686,ディー・エル・イー
7150,島根銀行
9275,ナルミヤ・インターナショナル
6356,日本ギア工業
2311,エプコ
9385,ショーエイコーポレーション
2464,ビジネス・ブレークスルー
7060,ギークス
6858,小野測器
1384,ホクリヨウ
3173,Ｃｏｍｉｎｉｘ
6546,フルテック
3004,神栄
8104,クワザワホールディングス
4430,東海ソフト
3524,日東製網
5721,エス・サイエンス
6093,エスクロー・エージェント・ジャパン
4439,東名
9972,アルテック
7427,エコートレーディング
6938,双信電機
3672,オルトプラス
4829,日本エンタープライズ
7127,一家ホールディングス
1768,ソネック
2487,ＣＤＧ
7034,プロレド・パートナーズ
6171,土木管理総合試験所
6189,グローバルキッズＣＯＭＰＡＮＹ
2796,ファーマライズホールディングス
6218,エンシュウ
1446,キャンディル
3135,マーケットエンタープライズ
7524,マルシェ
3896,阿波製紙
7872,エステールホールディングス
4295,フェイス
7608,エスケイジャパン
7918,ヴィア・ホールディングス
4762,エックスネット
7284,盟和産業
2286,林兼産業
3204,トーア紡コーポレーション
8940,インテリックス
3202,ダイトウボウ
3464,プロパティエージェント
7673,ダイコー通産
6540,船場
3965,キャピタル・アセット・プランニング
2722,ＩＫホールディングス
3839,ＯＤＫソリューションズ
9854,愛眼
9704,アゴーラ　ホスピタリティー　グループ
2424,ブラス
5603,虹技
6901,澤藤電機
3271,ＴＨＥグローバル社
5998,アドバネクス
6054,リブセンス
3826,システムインテグレータ
7183,あんしん保証
6325,タカキタ
6335,東京機械製作所
9475,昭文社ホールディングス
7615,ＹＵ－ＷＡ　Ｃｒｅａｔｉｏｎ　Ｈｏｌｄｉ
2820,やまみ
5476,日本高周波鋼業
3682,エンカレッジ・テクノロジ
5936,東洋シヤッター
8107,キムラタン
1420,サンヨーホームズ
8077,トルク
3067,東京一番フーズ
9067,丸運
6059,ウチヤマホールディングス
6538,キャリアインデックス
3169,ミサワ
6185,ＳＭＮ
4615,神東塗料
6552,ＧａｍｅＷｉｔｈ
7035,ａｎｄ　ｆａｃｔｏｒｙ
4440,ヴィッツ
3577,東海染工
3928,マイネット
3940,ノムラシステムコーポレーション
5612,日本鋳鉄管
3607,クラウディアホールディングス
7819,粧美堂
8742,小林洋行
7916,光村印刷
7897,ホクシン
6037,ファーストロジック
4319,ＴＡＣ
9419,ワイヤレスゲート
9760,進学会ホールディングス
9417,スマートバリュー
3770,ザッパラス
2376,サイネックス
7215,ファルテック
8944,ランドビジネス
6032,インターワークス
7037,テノ．ホールディングス
4678,秀英予備校
6217,津田駒工業
8617,光世証券
3054,ハイパー
7044,ピアラ
3639,ボルテージ
4679,田谷
3920,アイビーシー
6138,ダイジェット工業
8013,ナイガイ
6186,一蔵
3280,エストラスト
3934,ベネフィットジャパン
3559,ピーバンドットコム
2215,第一屋製パン
6555,ＭＳ＆Ｃｏｎｓｕｌｔｉｎｇ
3909,ショーケース
3985,テモナ
7601,ポプラ
7640,トップカルチャー
9466,アイドママーケティングコミュニケーション
2687,シー・ヴイ・エス・ベイエリア
7961,兼松サステック
8181,東天紅
2139,中広
8166,タカキュー
7782,シンシア
7709,クボテック
6048,デザインワン・ジャパン
6029,アトラグループ